id,title,published,url
"tag:google.com,2013:googlealerts/feed:9208107223601314644",Supermajor involvement could be big boost for Malaysia gas project - Upstream Online,2025-08-19 22:40:33+00:00,https://www.upstreamonline.com/exclusive/supermajor-involvement-could-be-big-boost-for-malaysia-gas-project/2-1-1858401
"tag:google.com,2013:googlealerts/feed:16600788491458882508",Georgia Emerges as EV Powerhouse: Savannah Leaders Highlight $24.4B Investment ...,2025-08-19 17:44:50+00:00,https://emobilityplus.com/2025/08/19/georgia-emerges-as-ev-powerhouse-savannah-leaders-highlight-24-4b-investment-26400-jobs/
"tag:google.com,2013:googlealerts/feed:15031555510979958218","Brazil a new frontier for Malaysian businesses, says Anwar - MSN",2025-08-19 14:19:01+00:00,https://www.msn.com/en-my/news/other/brazil-a-new-frontier-for-malaysian-businesses-says-anwar/ar-AA1I2HZW%3Fcvid%3Dde8db2e5f96249cbae8ae7153ec56e2a%26ocid%3Dsf
"tag:google.com,2013:googlealerts/feed:1663571701943708709",Our expert ranks the greatest F1 cars in history - The Telegraph,2025-08-19 13:29:26+00:00,https://www.telegraph.co.uk/formula-1/2025/08/19/greatest-formula-one-cars-history-ranked/
"tag:google.com,2013:googlealerts/feed:11299507436514549205",Govt has no plans for single REE entity to regulate industry – Johari Ghani,2025-08-19 13:20:09+00:00,https://www.nst.com.my/news/nation/2025/08/1262561/govt-has-no-plans-single-ree-entity-regulate-industry-%25E2%2580%2593%25C2%25A0johari-ghani
"tag:google.com,2013:googlealerts/feed:8113612269687270504","ZEUS AGREEMENT SIGNED AT ENERGY ASIA 2025, ACCELERATING PATHWAY TO ...",2025-08-19 12:26:46+00:00,https://www.prnewswire.com/news-releases/zeus-agreement-signed-at-energy-asia-2025-accelerating-pathway-to-zero-emission-power-302532890.html
"tag:google.com,2013:googlealerts/feed:13673979161830259861",Eni moving to develop much-needed Australian gas field - Upstream Online,2025-08-19 12:21:59+00:00,https://www.upstreamonline.com/exclusive/eni-moving-to-develop-much-needed-australian-gas-field/2-1-1858833
"tag:google.com,2013:googlealerts/feed:16371739025033456541",SoloEra Solo 1C E-Bikes Roll Off Production Line In Shah Alam - Carz Automedia Malaysia,2025-08-19 08:24:03+00:00,https://www.carz.com.my/webview/2025/08/soloera-solo-1c-e-bikes-roll-off-production-line-in-shah-alam
"tag:google.com,2013:googlealerts/feed:251137690609832382",Malaysia Launches Hybrid Hydro Floating Solar and Green Hydrogen Hub in Terengganu,2025-08-19 08:07:55+00:00,https://solarquarter.com/2025/08/19/malaysia-launches-hybrid-hydro-floating-solar-and-green-hydrogen-hub-in-terengganu/
"tag:google.com,2013:googlealerts/feed:7878174836077319771",EP Manufacturing kicks off local assembly of SoloEra electric motorcycles,2025-08-19 07:55:26+00:00,https://www.nst.com.my/business/corporate/2025/08/1262381/ep-manufacturing-kicks-local-assembly-soloera-electric
"tag:google.com,2013:googlealerts/feed:5350122049040581067","EP Manufacturing, Blueshark Launch Local Assembly Of SoloEra Electric Motorcycles",2025-08-19 06:53:36+00:00,https://www.businesstoday.com.my/2025/08/19/ep-manufacturing-blueshark-launch-local-assembly-of-soloera-electric-motorcycles/
"tag:google.com,2013:googlealerts/feed:1055091249178307158",&#39;Undervalued&#39; Bumi Armada needs catalyst for rerating - The Edge Malaysia,2025-08-19 06:10:31+00:00,https://theedgemalaysia.com/node/766202
"tag:google.com,2013:googlealerts/feed:17532832156300237897",UTP launched ELEFence - A new way of preventing elephant casualties on the road,2025-08-19 04:06:45+00:00,https://technave.com/gadget/UTP-launched-ELEFence-A-new-way-of-preventing-elephant-casualties-on-the-road-43796.html
"tag:google.com,2013:googlealerts/feed:956309270599005715",Sections of gas pipeline in Sabah still operating - PressReader,2025-08-18 22:58:15+00:00,https://www.pressreader.com/malaysia/the-borneo-post-sabah/20250819/281659671134949
"tag:google.com,2013:googlealerts/feed:7047320798762404526","Tenaga, YTL and Malakoff-linked firms among 20 plus bidders for Malaysia&#39;s first grid-scale ...",2025-08-21 00:22:01+00:00,https://theedgemalaysia.com/node/767355
"tag:google.com,2013:googlealerts/feed:18380575939354497572","Formula 1 is not coming back to Sepang, says SIC - paultan.org",2025-08-20 13:26:25+00:00,https://paultan.org/2025/08/20/formula-1-is-not-coming-back-to-sepang-says-sic/
"tag:google.com,2013:googlealerts/feed:2705303954286650968",<b>Petronas</b> Chemicals to shut butac plant for turnaround - Polymerupdate,2025-08-20 12:43:27+00:00,https://www.polymerupdate.com/News/Details/1409592
"tag:google.com,2013:googlealerts/feed:3423003624742835600","F1 Won&#39;t Return To Malaysia, And Here&#39;s Why…",2025-08-20 12:37:40+00:00,https://www.carz.com.my/2025/08/f1-wont-return-to-malaysia-and-heres-why
"tag:google.com,2013:googlealerts/feed:17637893122368086149",Cautious Sentiment Drags Market Into Negative Territory - BusinessToday Malaysia,2025-08-20 11:10:21+00:00,https://www.businesstoday.com.my/2025/08/20/cautious-sentiment-drags-market-into-negative-territory/
"tag:google.com,2013:googlealerts/feed:12440620042805737676",<b>Petronas</b> Chemicals rises to six-month high on EPF accumulation | New Straits Times,2025-08-20 10:10:17+00:00,https://www.nst.com.my/business/corporate/2025/08/1263047/petronas-chemicals-rises-six-month-high-epf-accumulation
"tag:google.com,2013:googlealerts/feed:8452399537199310645",Is an F1 comeback in Malaysia possible within five years? - Sinar Daily,2025-08-20 09:10:19+00:00,https://www.sinardaily.my/ampArticle/729661
"tag:google.com,2013:googlealerts/feed:13589010483968470295",(Video) RIIZE&#39;s Eunseok &amp; Sohee Show Off &quot;I LOVE KL&quot; Shirts; Group Shares Visit To ...,2025-08-20 03:21:18+00:00,https://hype.my/video-riizes-eunseok-group-shares-visit-to-petronas-twin-towers/
"tag:google.com,2013:googlealerts/feed:12803148611588994524",Preparing for the Summer Shutdown - Mercedes-AMG PETRONAS F1 Team,2025-08-20 03:03:30+00:00,https://www.mercedesamgf1.com/news/preparing-for-the-shutdown%3Ffbclid%3DIwZXh0bgNhZW0CMTEAAR4SG94D6-oSMhVsBTkbkQI6eS1DnInYhU8zShznuZqRrZYU0z5JIbqGaiUfEA_aem_AnTI7xLebQ-n-4lq1nLiQw
"tag:google.com,2013:googlealerts/feed:18437011758096434808",Izam Achieved a Remarkable Hat-trick - iMotorbike News,2025-08-20 03:01:43+00:00,https://news.imotorbike.com/en/2025/08/izam-achieved-a-remarkable-hat-trick/
"tag:google.com,2013:googlealerts/feed:10132877115474858728",Afif Amran Roared to Victory in Sepang - iMotorbike News,2025-08-20 02:56:29+00:00,https://news.imotorbike.com/en/2025/08/afif-amran-roared-to-victory-in-sepang/
"tag:google.com,2013:googlealerts/feed:17809041632935010517",MP questions Sabah&#39;s energy future after pipeline suspension | Daily Express Malaysia,2025-08-20 02:23:55+00:00,https://www.dailyexpress.com.my/news/264952/mp-questions-sabah-s-energy-future-after-pipeline-suspension/
"tag:google.com,2013:googlealerts/feed:7688443672099298521","Gentari breaks ground on Maryvale solar, storage project in Australia",2025-08-20 01:09:43+00:00,https://themalaysianreserve.com/2025/08/20/gentari-breaks-ground-on-maryvale-solar-storage-project-in-australia/
"tag:google.com,2013:googlealerts/feed:11536590353711140573",Talara Refinery consolidates its operations by exporting high-octane gasoline to premium markets,2025-08-22 00:23:05+00:00,https://www.bnamericas.com/en/news/talara-refinery-consolidates-its-operations-by-exporting-high-octane-gasoline-to-premium-markets
"tag:google.com,2013:googlealerts/feed:12691419379620832341",Enproserve bags aviation maintenance contract from <b>Petronas</b> Dagangan,2025-08-21 14:06:30+00:00,https://www.nst.com.my/business/corporate/2025/08/1263679/enproserve-bags-aviation-maintenance-contract-petronas-dagangan
"tag:google.com,2013:googlealerts/feed:17520955961117566790",&#39;Lord Alto&#39; Or Mercedes-AMG: On Which Would You Spend Rs 4.5 Lakh - Times Now,2025-08-21 12:52:44+00:00,https://www.timesnownews.com/auto/features/lord-alto-or-mercedes-amg-on-which-would-you-spend-rs-4-5-lakh-article-152501352
"tag:google.com,2013:googlealerts/feed:3067597546901114172",Enproserve secures maintenance job for <b>Petronas</b> Dagangan&#39;s aviation refuelling vehicles,2025-08-21 11:19:36+00:00,http://www.theedgemarkets.com/node/767581
"tag:google.com,2013:googlealerts/feed:7916986734906452051",Enproserve secures PDB contract in aviation support services - The Star,2025-08-21 11:03:22+00:00,https://www.thestar.com.my/business/business-news/2025/08/21/enproserve-secures-pdb-contract-in-aviation-support-services
"tag:google.com,2013:googlealerts/feed:7305252400563409036",Enproserve Secures 2-Year Aviation Vehicle Maintenance Contract From <b>Petronas</b>,2025-08-21 10:42:48+00:00,https://www.businesstoday.com.my/2025/08/21/enproserve-secures-2-year-aviation-vehicle-maintenance-contract-from-petronas/
"tag:google.com,2013:googlealerts/feed:3709565391102899878","China&#39;s carbon emissions fell in the first half of this year, study shows | New Straits Times",2025-08-21 10:34:27+00:00,https://www.nst.com.my/amp/world/world/2025/08/1263587/chinas-carbon-emissions-fell-first-half-year-study-shows
"tag:google.com,2013:googlealerts/feed:1030266768595737676",Market Breadth Weakens As Decliners Continue To Outpace Advancers,2025-08-21 09:45:16+00:00,https://www.businesstoday.com.my/2025/08/21/market-breadth-weakens-as-decliners-continue-to-outpace-advancers/
"tag:google.com,2013:googlealerts/feed:11677675121000129931",F1&#39;s Toto Wolff Breaks Silence After Rosberg&#39;s Contract Accusation - MSN,2025-08-21 09:42:22+00:00,https://www.msn.com/en-us/sports/other/f1-s-toto-wolff-breaks-silence-after-rosberg-s-contract-accusation/ar-AA1KTUXv
"tag:google.com,2013:googlealerts/feed:11704919485164369988",Disentangling relative controls of landscape evolution and spatial heterogeneity in ... - ResearchGate,2025-08-21 09:30:15+00:00,https://www.researchgate.net/publication/394659161_Disentangling_relative_controls_of_landscape_evolution_and_spatial_heterogeneity_in_the_Vaigai_River_Basin_Southern_India_Regional_implications_and_applicability
"tag:google.com,2013:googlealerts/feed:14389299278205977533",Malaysia Launches Floating Solar and Hydrogen Hub - TankTerminals,2025-08-21 09:16:35+00:00,https://tankterminals.com/news/malaysia-launches-floating-solar-and-hydrogen-hub/
"tag:google.com,2013:googlealerts/feed:9105671814409283089",Kantaro Komiya and Makiko Yamazaki - The Edge Malaysia,2025-08-21 09:15:32+00:00,http://www.theedgemarkets.com/author/Kantaro%2520Komiya%2520and%2520Makiko%2520Yamazaki%3Fpage%3D1
"tag:google.com,2013:googlealerts/feed:2834294529120143899",Stock Today: PetChem Shares Soar On Supply Cuts And Potential Price Upswing,2025-08-21 07:43:54+00:00,https://www.businesstoday.com.my/2025/08/21/stock-today-petchem-shares-soar-on-supply-cuts-and-potential-price-upswing/
"tag:google.com,2013:googlealerts/feed:17390094632052499091",Malaysia Launches Floating Solar and Hydrogen Hub - Rigzone,2025-08-21 07:16:33+00:00,https://www.rigzone.com/news/malaysia_launches_floating_solar_and_hydrogen_hub-21-aug-2025-181540-article/
"tag:google.com,2013:googlealerts/feed:3260089693875381933","<b>PETRONAS</b>, Sabah Electricity sign five-year gas sales deal - MSN",2025-08-21 07:16:14+00:00,https://www.msn.com/en-xl/news/other/petronas-sabah-electricity-sign-five-year-gas-sales-deal/ar-AA1rzd2B%3Focid%3DBingNewsVerp%26apiversion%3Dv2%26noservercache%3D1%26domshim%3D1%26renderwebcomponents%3D1%26wcseo%3D1%26batchservertelemetry%3D1%26noservertelemetry%3D1
"tag:google.com,2013:googlealerts/feed:12325400734016900605",<b>Petronas</b> Chemicals extends four-day rally as warrants surge fivefold - New Straits Times,2025-08-21 06:28:00+00:00,https://www.nst.com.my/business/corporate/2025/08/1263416/petronas-chemicals-extends-four-day-rally-warrants-surge-fivefold
"tag:google.com,2013:googlealerts/feed:16450894663715831250","Stocks with momentum on Aug 21, 2025: Versatile Creative, Waja Konsortium, HSS ...",2025-08-21 06:20:49+00:00,https://theedgemalaysia.com/node/767491
"tag:google.com,2013:googlealerts/feed:8962498297382823211",20 energy companies bid for the national-scale solar battery grid project in Malaysia,2025-08-21 06:15:53+00:00,https://technave.com/gadget/20-energy-companies-bid-for-the-national-scale-solar-battery-grid-project-in-Malaysia-43854.html
"tag:google.com,2013:googlealerts/feed:4085001220106581548","Leonardo Mattioli @Leopharder: &quot;   AI, Supercomputers &amp; Pool...&quot; - eToro",2025-08-21 05:35:30+00:00,https://www.etoro.com/posts/be6ec370-72c1-11f0-8080-800141dc2cd8
"tag:google.com,2013:googlealerts/feed:12112264739468645354",<b>Petronas</b> Chemicals surges again as investors pile on bets of easing glut,2025-08-21 05:19:36+00:00,https://theedgemalaysia.com/node/767479
"tag:google.com,2013:googlealerts/feed:10664195656254881951","Philippine - BUSINESS HEADLINES (Saturday, August 23, 2025) Subscribe to the ... - Facebook",2025-08-23 00:28:59+00:00,https://www.facebook.com/PhilippineSTAR/photos/business-headlines-saturday-august-23-2025subscribe-to-the-paper-httpsphilstarsu/1243392427824634/
"tag:google.com,2013:googlealerts/feed:6110939615065158554",Mous | Engineered to Endure - Flaunt Magazine,2025-08-22 21:49:44+00:00,https://www.flaunt.com/post/mous-f1
"tag:google.com,2013:googlealerts/feed:10653226938569775854",Malaysia travel: 8 hidden Kuala Lumpur gems locals don&#39;t want you to know about - 9Travel,2025-08-22 20:10:37+00:00,https://travel.nine.com.au/destinations/malaysia-travel-kuala-lumpur-hidden-gems-local-secrets/f182f9c7-0caa-4ea1-895d-079bd7c585d5
"tag:google.com,2013:googlealerts/feed:15773234551488139622",Malaysia travel: 8 hidden Kuala Lumpur gems locals don&#39;t want you to know about - Nine,2025-08-22 20:07:17+00:00,https://amp.nine.com.au/article/f182f9c7-0caa-4ea1-895d-079bd7c585d5
"tag:google.com,2013:googlealerts/feed:16146451477268887841",INSIDE THE REAL F1 - Hollywood Authentic,2025-08-22 19:36:32+00:00,https://hollywoodauthentic.com/inside-the-real-f1/
"tag:google.com,2013:googlealerts/feed:854481188414140840","Phoenix, <b>Petronas</b> deal talks run out of gas | Philstar.com",2025-08-22 16:45:21+00:00,https://www.philstar.com/business/2025/08/23/2467338/phoenix-petronas-deal-talks-run-out-gas
"tag:google.com,2013:googlealerts/feed:9787300897158671213",Bottas will have to serve penalty despite F1 2026 rule change - FormulaRapida.net,2025-08-22 16:09:03+00:00,https://formularapida.net/en/bottas-will-have-to-serve-penalty-despite-f1-2026-rule-change/
"tag:google.com,2013:googlealerts/feed:12583264404486175587",<b>PETRONAS</b> film &#39;With All Our Hearts&#39; embraces spirit of Rukun Negara | DayakDaily,2025-08-22 14:03:55+00:00,https://dayakdaily.com/petronas-film-with-all-our-hearts-embraces-spirit-of-rukun-negara/
"tag:google.com,2013:googlealerts/feed:8705815206207191781",<b>PETRONAS</b>&#39; promoting TVET to young people via technical programme - The Star,2025-08-22 13:55:13+00:00,https://www.thestar.com.my/news/nation/2025/08/22/petronas039-promoting-tvet-to-young-people-via-technical-programme
"tag:google.com,2013:googlealerts/feed:2228169195832844861","Data Centres Power SunCon, Tariffs Hit Walmart, Sime Darby Dips - BusinessToday",2025-08-22 13:35:29+00:00,https://www.businesstoday.com.my/2025/08/22/data-centres-power-suncon-tariffs-hit-walmart-sime-darby-dips/
"tag:google.com,2013:googlealerts/feed:8460181237846968158",SEDA Malaysia Audits Energy Use at Sekolah Izzuddin Shah to Boost Efficiency and Sustainability,2025-08-22 12:35:40+00:00,https://solarquarter.com/2025/08/22/seda-malaysia-audits-energy-use-at-sekolah-izzuddin-shah-to-boost-efficiency-and-sustainability/
"tag:google.com,2013:googlealerts/feed:3269819987401358249","Hibiscus Petroleum, PetroVietnam ink deal on oilfield output | New Straits Times",2025-08-22 11:01:05+00:00,https://www.nst.com.my/business/corporate/2025/08/1264169/hibiscus-petroleum-petrovietnam-ink-deal-oilfield-output
"tag:google.com,2013:googlealerts/feed:13123473001079671434","TNB, <b>PETRONAS</b> &amp; Terengganu Inc Drive Malaysia&#39;s Energy Transition with Hybrid Solar ...",2025-08-22 10:34:35+00:00,https://www.chemanalyst.com/NewsAndDeals/NewsDetails/tnb-petronas-terengganu-inc-drive-malaysia-energy-transition-with-hybrid-solar-38717
"tag:google.com,2013:googlealerts/feed:6115875464539726365",Enproserve to provide aviation vehicle maintenance services for <b>PETRONAS</b> | CAPA,2025-08-22 09:14:22+00:00,https://centreforaviation.com/news/enproserve-to-provide-aviation-vehicle-maintenance-services-for-petronas-1329175
"tag:google.com,2013:googlealerts/feed:11458746248366047314","<b>PETRONAS</b> Presents &#39;With All Our Hearts&#39;, A Film That Embraces The Spirit Of Rukun Negara",2025-08-22 09:07:10+00:00,https://www.bernama.com/en/press/news.php%3Fid%3D2459558
"tag:google.com,2013:googlealerts/feed:9272405098581166597",Drone-Based Imaging and Automated Classification for Glass Facade Condition Monitoring,2025-08-22 00:24:16+00:00,https://www.researchgate.net/publication/394616809_Drone-Based_Imaging_and_Automated_Classification_for_Glass_Facade_Condition_Monitoring
"tag:google.com,2013:googlealerts/feed:7073154135666214438","<b>Petronas</b>, TNB launch green hydrogen and hybrid solar-hydro hub",2025-08-22 00:17:27+00:00,https://www.qcintel.com/hydrogen/article/petronas-tnb-launch-green-hydrogen-and-hybrid-solar-hydro-hub-47114.html
"tag:google.com,2013:googlealerts/feed:5263189460965161537",PetChem extends 4-day rally as warrants surge - PressReader,2025-08-21 23:14:09+00:00,https://www.pressreader.com/malaysia/new-straits-times/20250822/282011858459937
"tag:google.com,2013:googlealerts/feed:11468273086825349205",EPMBKICKSOFFLOCAL ASSEMBLYOFSOLOERABIKES - PressReader,2025-08-23 22:59:34+00:00,https://www.pressreader.com/malaysia/new-straits-times/20250824/282175067221082
"tag:google.com,2013:googlealerts/feed:14398150291368120415",Enproserve Secures 2-Year Aviation Vehicle Maintenance Contract From <b>Petronas</b>,2025-08-23 21:01:14+00:00,https://news.futunn.com/en/post/60950721/enproserve-secures-2-year-aviation-vehicle-maintenance-contract-from-petronas
"tag:google.com,2013:googlealerts/feed:13173914024576014224",Rain gods didn&#39;t smile on Schumie after all - IOL,2025-08-23 18:16:21+00:00,https://iol.co.za/motoring/f1-grand-prix/2005-09-09-rain-gods-didnt-smile-on-schumie-after-all/
"tag:google.com,2013:googlealerts/feed:4105160469882906426","Approved investments vs FDI: Manipulation, or truly a non-issue? | Malay Mail",2025-08-23 14:59:58+00:00,https://www.malaymail.com/news/malaysia/2025/08/23/approved-investments-vs-fdi-manipulation-or-truly-a-non-issue/188590
"tag:google.com,2013:googlealerts/feed:14167107505294403506",CGS Maintains Hold On Gas Malaysia After Slow Quarter,2025-08-23 14:34:38+00:00,https://www.businesstoday.com.my/2025/08/23/cgs-maintains-hold-on-gas-malaysia-after-slow-quarter/
"tag:google.com,2013:googlealerts/feed:13723701938868138804",Cofidis withdraw from Le Tour de Langkawi | New Straits Times,2025-08-23 08:06:35+00:00,https://www.nst.com.my/sports/cycling/2025/08/1264471/cofidis-withdraw-le-tour-de-langkawi
"tag:google.com,2013:googlealerts/feed:15876722211411352396",Philippine Star - Facebook,2025-08-23 06:29:06+00:00,https://www.facebook.com/PhilippineSTAR/posts/business-headlines-saturday-august-23-2025subscribe-to-the-paper-httpsphilstarsu/1243392571157953/
"tag:google.com,2013:googlealerts/feed:5813400852839984157",Las Vegas Grand Prix Doubles As A Boardroom With Launch Of The F1 Business Summit,2025-08-23 01:49:46+00:00,https://www.si.com/onsi/f1/news/las-vegas-gp-doubles-as-a-boardroom-with-launch-of-the-f1-business-summit
"tag:google.com,2013:googlealerts/feed:10735387730981198084",Graphene-Modified Photoelectrodes for Efficient Dye-Sensitized Solar Cells: A Review,2025-08-23 01:23:05+00:00,https://pubs.acs.org/doi/abs/10.1021/acs.energyfuels.5c02550
"tag:google.com,2013:googlealerts/feed:7056380550892459875","Phoenix, <b>Petronas</b> deal talks run out of gas - MSN",2025-08-22 21:57:42+00:00,https://www.msn.com/en-ph/news/national/phoenix-petronas-deal-talks-run-out-of-gas/ar-AA1L2np3
"tag:google.com,2013:googlealerts/feed:3805058993478837104",Setel: Driving Malaysia&#39;s Cashless Mobility Transformation,2025-08-24 23:02:34+00:00,http://www.theedgemarkets.com/content/advertise/setel-driving-malaysias-cashless-mobility-transformation
"tag:google.com,2013:googlealerts/feed:14379990228711911238",Ministry engages stakeholders on petroleum pricing policy - PressReader,2025-08-24 21:34:16+00:00,https://www.pressreader.com/malaysia/the-star-malaysia/20250825/281659671146944
"tag:google.com,2013:googlealerts/feed:16818390357842767619","Refer to MetMalaysia for quake updates, says Ahmad Zahid - The Star",2025-08-24 16:02:10+00:00,https://www.thestar.com.my/news/nation/2025/08/24/refer-to-metmalaysia-for-quake-updates-says-ahmad-zahid
"tag:google.com,2013:googlealerts/feed:9826720864045712188",Koh clinches U12 singles and doubles titles at national meet - Nabalu News,2025-08-24 15:33:09+00:00,https://www.nabalunews.com/post/koh-clinches-u12-singles-and-doubles-titles-at-national-meet
"tag:google.com,2013:googlealerts/feed:11309108806447311927",<b>Petronas</b> Gas says pipelines secure following Segamat quake - The Edge Malaysia,2025-08-24 15:04:44+00:00,https://theedgemalaysia.com/node/767867
"tag:google.com,2013:googlealerts/feed:4117230896471498968",This Kuala Lumpur Hotel Has the Highest Rooftop Bar in the City - Travel + Leisure,2025-08-24 13:12:37+00:00,https://www.travelandleisure.com/banyan-tree-kuala-lumpur-hotel-review-8784247
"tag:google.com,2013:googlealerts/feed:15166375582756497512","KPDN, <b>Petronas</b> launch nationwide Jalur Gemilang and Love Local Campaigns",2025-08-24 11:20:42+00:00,https://www.theborneopost.com/2025/08/24/kpdn-petronas-launch-nationwide-jalur-gemilang-and-love-local-campaigns/
"tag:google.com,2013:googlealerts/feed:14201019244999532948",Segamat cops receive three reports of property damage from quake | The Star,2025-08-24 10:22:24+00:00,https://www.thestar.com.my/news/nation/2025/08/24/segamat-cops-receive-three-reports-of-property-damage-from-quake
"tag:google.com,2013:googlealerts/feed:15815881614926340472","Gas pipeline unaffected by Segamat quake, says <b>Petronas</b> - The Star",2025-08-24 10:06:02+00:00,https://www.thestar.com.my/news/nation/2025/08/24/gas-pipelineunaffected-by-segamat-quake-says-petronas
"tag:google.com,2013:googlealerts/feed:7201551977374298558",<b>Petronas</b> States Gas Pipelines Remain Secure After Earthquake - BusinessToday Malaysia,2025-08-24 09:54:45+00:00,https://www.businesstoday.com.my/2025/08/24/petronas-states-gas-pipelines-remain-secure-after-earthquake/
"tag:google.com,2013:googlealerts/feed:15297224474114912056",<b>Petronas</b>: Pipeline facilities unaffected by Segamat tremor - Borneo Post Online,2025-08-24 09:49:09+00:00,https://www.theborneopost.com/2025/08/24/petronas-pipeline-facilities-unaffected-by-segamat-tremor/
"tag:google.com,2013:googlealerts/feed:15504196207716727806",Malaysia holds petroleum pricing talks with industry on APM rates,2025-08-24 09:45:41+00:00,https://thesun.my/malaysia-news/malaysia-holds-petroleum-pricing-talks-with-industry-on-apm-rates-LH14752393
"tag:google.com,2013:googlealerts/feed:18199183378293623595","No leaks, no worries: <b>Petronas</b> Gas says pipelines steady after Johor quakes | Malay Mail",2025-08-24 09:37:43+00:00,https://www.malaymail.com/news/malaysia/2025/08/24/no-leaks-no-worries-petronas-gas-says-pipelines-steady-after-johor-quakes/188776
"tag:google.com,2013:googlealerts/feed:14792387211479874315",Segamat Quake: <b>Petronas</b> Gas Confirms No Impact To Pipeline Operations - bernama,2025-08-24 09:33:14+00:00,https://www.bernama.com/en/news.php%3Fid%3D2460103
"tag:google.com,2013:googlealerts/feed:10126169148403669634",<b>Petronas</b> Gas says pipelines secure after Johor tremor | New Straits Times,2025-08-24 09:24:41+00:00,https://www.nst.com.my/news/nation/2025/08/1264914/petronas-gas-says-pipelines-secure-after-johor-tremor
"tag:google.com,2013:googlealerts/feed:10837756854249019445",PetGas pipelines safe after Segamat quake | New Straits Times,2025-08-24 09:24:38+00:00,https://www.nst.com.my/business/corporate/2025/08/1264910/petgas-pipelines-safe-after-segamat-quake
"tag:google.com,2013:googlealerts/feed:5541267980851576038","KPDN Holds Engagement Sessions On Petroleum Pricing Policy, APM Rates - bernama",2025-08-24 09:21:51+00:00,https://www.bernama.com/en/general/news.php%3Fid%3D2460108
"tag:google.com,2013:googlealerts/feed:8406990777895004578","KPDN - <b>Petronas</b> launch nationwide Jalur Gemilang campaign, boosting local pride and MSMEs",2025-08-24 08:57:30+00:00,https://www.thevibes.com/articles/news/111952/kpdn-petronas-launch-nationwide-jalur-gemilang-campaign-boosting-local-pride-and-msmes
"tag:google.com,2013:googlealerts/feed:12928671568227655134",YGG Brings Pengu Wonderland to LOL Land With Pudgy Penguins - iGaming.org,2025-08-24 08:40:57+00:00,https://igaming.org/gaming-news/ygg-brings-pengu-wonderland-to-lol-land-with-pudgy-penguins/
"tag:google.com,2013:googlealerts/feed:16817025904284142716",Potential Oil Price Weakness Could Weigh On Dialog - BusinessToday Malaysia,2025-08-24 03:40:53+00:00,https://www.businesstoday.com.my/2025/08/24/potential-oil-price-weakness-could-weigh-on-dialog/
"tag:google.com,2013:googlealerts/feed:4922270622033461569",<b>PETRONAS</b>-owned firms see dip in 2Q earnings | The Star,2025-08-26 00:20:59+00:00,https://www.thestar.com.my/business/business-news/2025/08/26/petronas-owned-firms-see-dip-in-2q-earnings
"tag:google.com,2013:googlealerts/feed:17531471549203040968",Gallery: Mercedes-AMG Concept AMG GT XX Photos - Autoweek,2025-08-25 22:02:04+00:00,https://www.autoweek.com/photos/g65890385/gallery-mercedes-amg-concept-amg-gt-xx-photos/
"tag:google.com,2013:googlealerts/feed:13738320280813340147",<b>PETRONAS</b>-OWNED firms see dip in 2Q earnings - PressReader,2025-08-25 20:43:03+00:00,https://www.pressreader.com/malaysia/the-star-malaysia-starbiz/20250826/281513642260824
"tag:google.com,2013:googlealerts/feed:6013654791546329905",<b>Petronas</b> Gas 2Q revenue 1.59B ringgit - AInvest,2025-08-25 20:29:02+00:00,https://www.ainvest.com/news/petronas-gas-2q-revenue-1-59b-ringgit-2508/
"tag:google.com,2013:googlealerts/feed:8903830181716141485",<b>Petronas</b> Gas Net Profit Slips To RM450m In 2Q 2025 - Sarawak Tribune,2025-08-25 20:10:39+00:00,https://www.sarawaktribune.com/petronas-gas-net-profit-slips-to-rm450m-in-2q-2025/
"tag:google.com,2013:googlealerts/feed:12525990083151389478",<b>Petronas</b> Dagangan 2Q Net Profit Dips To RM266m On Weaker Margins | Sarawak Tribune,2025-08-25 20:10:23+00:00,https://www.sarawaktribune.com/petronas-dagangan-2q-net-profit-dips-to-rm266m-on-weaker-margins/
"tag:google.com,2013:googlealerts/feed:13589788578218568187","PVEP, Hibiscus in provisional agreement on Vietnam-Malaysia PSC offshore tieback",2025-08-25 19:11:15+00:00,https://www.offshore-mag.com/production/news/55312081/hibiscus-petroleum-pvep-hibiscus-in-provisional-agreement-on-vietnam-malaysia-psc-offshore-tieback
"tag:google.com,2013:googlealerts/feed:1860473762818117552","<b>Petronas</b>, Petros court case adjourned - Upstream Online",2025-08-25 17:34:08+00:00,https://www.upstreamonline.com/politics/petronas-petros-court-case-adjourned/2-1-1861701
"tag:google.com,2013:googlealerts/feed:13107752010886370209",Mercedes is already renewing its contract with <b>Petronas</b> in preparation for the new ... - Motors Inside,2025-08-25 16:18:35+00:00,https://www.motorsinside.com/en/f1/news/28563-mercedes-is-already-renewing-contract-petronas-in-preparation-for-new-regulations-in-2026
"tag:google.com,2013:googlealerts/feed:17303617639421757602",Hibiscus Petroleum signs tie-in deal with PetroVietnam for offshore production,2025-08-25 15:18:23+00:00,https://www.offshore-technology.com/news/hibiscus-petroleum-pvep/
"tag:google.com,2013:googlealerts/feed:11281148574773407889",Malaysia&#39;s National Energy Transition Roadmap Advances with Green Initiatives - Fuel Cells Works,2025-08-25 14:58:38+00:00,https://fuelcellsworks.com/2025/08/25/green-hydrogen/tnb-petronas-and-terengganu-inc-advance-malaysia-s-national-energy-transition-roadmap-with-hybrid-hydro-floating-solar-and-green-hydrogen-hub-development-in-terengganu
"tag:google.com,2013:googlealerts/feed:14640592984834558932",Mercedes F1 teams up with Nasdaq for strategic collaboration - Motorsinside English,2025-08-25 14:52:49+00:00,https://www.motorsinside.com/en/f1/news/36480-mercedes-f1-teams-up-nasdaq-for-strategic-collaboration
"tag:google.com,2013:googlealerts/feed:6794104254225510695",<b>Petronas</b> Dagangan&#39;s Q2 net profit slips to RM265.5 million - The Sun Malaysia,2025-08-25 14:47:11+00:00,https://thesun.my/business-news/petrodaga-PE14761259
"tag:google.com,2013:googlealerts/feed:12974510500250555148",<b>Petronas</b> Dagangan Appoints New Chief Financial Officer - BusinessToday Malaysia,2025-08-25 14:30:04+00:00,https://www.businesstoday.com.my/2025/08/25/petronas-dagangan-appoints-new-chief-financial-officer/
"tag:google.com,2013:googlealerts/feed:9442018726825951534","Turkish Grand Prix - Free Practice 2: Verstappen, again - Motorsinside English",2025-08-25 14:03:27+00:00,https://www.motorsinside.com/en/f1/news/24390-turkish-grand-prix-free-practice-2-verstappen-again
"tag:google.com,2013:googlealerts/feed:6602014107574130962",<b>Petronas</b> extends with Mercedes - Motorsinside English,2025-08-25 14:00:24+00:00,https://www.motorsinside.com/en/f1/news/22154-petronas-extends-mercedes
"tag:google.com,2013:googlealerts/feed:55489509577435929","TNB, <b>PETRONAS</b>, and Terengganu Inc. advance Malaysia&#39;s National Energy Transition Roadmap",2025-08-25 13:11:19+00:00,https://www.energyglobal.com/electric-hybrid/25082025/tnb-petronas-and-terengganu-inc-advance-malaysias-national-energy-transition-roadmap/
"tag:google.com,2013:googlealerts/feed:17660665685072136816",ExxonMobil to contract specialised vessel for work offshore Guyana - Upstream Online,2025-08-25 13:11:15+00:00,https://www.upstreamonline.com/exclusive/exxonmobil-to-contract-specialised-vessel-for-work-offshore-guyana/2-1-1861975
"tag:google.com,2013:googlealerts/feed:5056353287339943574",Mercedes GP signs a sponsorship contract with <b>Petronas</b> - Motorsinside English,2025-08-25 12:34:19+00:00,https://www.motorsinside.com/en/f1/news/9376-mercedes-gp-signs-sponsorship-contract-petronas
"tag:google.com,2013:googlealerts/feed:6480916306127016278",<b>Petronas</b>-Petros dispute dims Dayang&#39;s earnings outlook | FMT - Free Malaysia Today,2025-08-25 12:22:05+00:00,https://www.freemalaysiatoday.com/category/highlight/2025/08/25/petronas-petros-dispute-dims-dayangs-earnings-outlook
"tag:google.com,2013:googlealerts/feed:10029194223709098677",Malaysia and Argentina: a Growing Relationship: The Legacy of Ambassador Nur Azman ...,2025-08-26 22:34:55+00:00,https://reporteasia.com/destacado/2025/08/26/malaysia-argentina-growing-relationship-legacy-ambassador-nur-azman-abdul-rahim/
"tag:google.com,2013:googlealerts/feed:17737847034429430216",Mercedes-AMG <b>PETRONAS</b> F1 Team and Lewis Hamilton to part ways,2025-08-26 21:16:54+00:00,https://www.mercedesamgf1.com/news/mercedes-amg-f1-lewis-to-part-ways%3Fgsid%3D0e64a809-0380-4df7-9924-1d7aab49a390
"tag:google.com,2013:googlealerts/feed:18421828860544081525",Suriname&#39;s Staatsolie to open up new offshore oil areas in November - Baird Maritime,2025-08-26 20:21:38+00:00,https://www.bairdmaritime.com/offshore/exploration-development/surinames-staatsolie-to-open-up-new-offshore-oil-areas-in-november
"tag:google.com,2013:googlealerts/feed:7721238514549966369",Suriname readying new upstream hydrocarbons acreage offer - BNamericas,2025-08-26 20:12:56+00:00,https://www.bnamericas.com/en/news/suriname-readying-new-upstream-hydrocarbons-acreage-offer
"tag:google.com,2013:googlealerts/feed:9185599493101163184",Evaluation of Alkanolamines Corrosivity During CO2 Capture and in the Presence of Deep ...,2025-08-26 19:54:08+00:00,https://www.researchgate.net/publication/394877432_Evaluation_of_Alkanolamines_Corrosivity_During_CO2_Capture_and_in_the_Presence_of_Deep_Eutectic_Solvent_and_Ionic_Liquid_as_Inhibitor/download
"tag:google.com,2013:googlealerts/feed:18250877644014332256",&#39;Banana republic&#39;: Industry horror at Trump attack on Orsted offshore wind project | Upstream,2025-08-26 19:40:45+00:00,https://www.upstreamonline.com/energy-transition/banana-republic-industry-horror-at-trump-attack-on-orsted-offshore-wind-project/2-1-1862283
"tag:google.com,2013:googlealerts/feed:5885948693979532345","TA announces 2Q revenue 432.6M ringgit, +18% y/y - AInvest",2025-08-26 19:32:28+00:00,https://www.ainvest.com/news/ta-announces-2q-revenue-432-6m-ringgit-18-2508/
"tag:google.com,2013:googlealerts/feed:1260682908377876783",Suriname&#39;s Staatsolie to launch offer for offshore oil areas in November - TradingView,2025-08-26 19:20:28+00:00,"https://www.tradingview.com/news/reuters.com,2025:newsml_L1N3UI0P2:0-suriname-s-staatsolie-to-launch-offer-for-offshore-oil-areas-in-november/"
"tag:google.com,2013:googlealerts/feed:16354167891245144967",Suriname&#39;s Staatsolie to launch offer for offshore oil areas in November | Reuters,2025-08-26 19:17:47+00:00,https://www.reuters.com/business/energy/surinames-staatsolie-launch-offer-for-offshore-oil-areas-november-2025-08-26/
"tag:google.com,2013:googlealerts/feed:5960312581961899041",International Session by Dr. Abdul Halim Abdul Latiff from Universiti Teknologi <b>Petronas</b>,2025-08-26 18:39:27+00:00,https://www.its.ac.id/tgeofisika/international-session-by-dr-abdul-halim-abdul-latiff-from-universiti-teknologi-petronas/
"tag:google.com,2013:googlealerts/feed:5601449162778036704",Hibiscus Petroleum Inks Tie-In Agreement with PetroVietnam for Offshore Output,2025-08-26 18:38:37+00:00,https://www.chemanalyst.com/NewsAndDeals/NewsDetails/hibiscus-petroleum-inks-tie-in-agreement-with-petrovietnam-for-offshore-output-38788
"tag:google.com,2013:googlealerts/feed:15663569549103102420",<b>PETRONAS</b> Gas Berhad Appoints Izwan Bin Ismail as Non-Independent Non-Executive ...,2025-08-26 18:34:12+00:00,https://www.marketscreener.com/news/petronas-gas-berhad-appoints-izwan-bin-ismail-as-non-independent-non-executive-director-effective-s-ce7c50d9dc80f422
"tag:google.com,2013:googlealerts/feed:3626377014060958654",Uncertain market conditions have an impact on Malaysia&#39;s top driller - Upstream Online,2025-08-26 18:26:05+00:00,https://www.upstreamonline.com/rigs-and-vessels/malaysias-top-driller-affected-by-uncertain-market-conditions/2-1-1862001
"tag:google.com,2013:googlealerts/feed:14494317788355443898",Cadillac F1 Team Confirms Sergio Perez And Valtteri Bottas As First Drivers,2025-08-26 14:11:19+00:00,https://americancarsandracing.com/2025/08/26/cadillac-f1-perez-bottas/
"tag:google.com,2013:googlealerts/feed:8973831305323188425","<b>Petronas</b> Gas sees dip in Q2 profit, impacted by pipeline blaze | FMT - Free Malaysia Today",2025-08-26 13:20:02+00:00,https://www.freemalaysiatoday.com/category/highlight/2025/08/26/petronas-gas-sees-dip-in-q2-profit-impacted-by-pipeline-blaze
"tag:google.com,2013:googlealerts/feed:9060019316345713136",<b>PETRONAS</b> Carigali Achieves First Hydrocarbon from Bindu Field - euro-petrole.com,2025-08-26 13:16:11+00:00,https://www.euro-petrole.com/petronas-carigali-achieves-first-hydrocarbon-from-bindu-field-n-i-28898
"tag:google.com,2013:googlealerts/feed:10180418407700191613","Malaysian court allows adjournment in <b>Petronas</b>, Petros case to continue talks - MSN",2025-08-26 13:15:04+00:00,https://www.msn.com/en-us/news/world/malaysian-court-allows-adjournment-in-petronas-petros-case-to-continue-talks/ar-AA1L9lZQ
"tag:google.com,2013:googlealerts/feed:17624173788443740051","Cambodia, Malaysia explore new energy investment opportunities - Khmer Times",2025-08-26 13:11:47+00:00,https://www.khmertimeskh.com/501745833/cambodia-malaysia-explore-new-energy-investment-opportunities/
"tag:google.com,2013:googlealerts/feed:17468004815233191200",<b>PETRONAS</b> CEO announced plans to reduce emissions at Turkmenistan fields | Energy,2025-08-26 12:49:54+00:00,https://turkmenportal.com/en/blog/94002/petronas-ceo-announced-plans-to-reduce-emissions-at-turkmenistan-fields
"tag:google.com,2013:googlealerts/feed:5030068773630386174","If US shale has a horizon, technology keeps moving it - Upstream Online",2025-08-26 12:07:48+00:00,https://www.upstreamonline.com/production/if-us-shale-has-a-horizon-technology-keeps-moving-it/2-1-1862234
"tag:google.com,2013:googlealerts/feed:9187340284162699913","RCI needed on <b>Petronas&#39;s</b> use of Sarawak profits, says senator | FMT - Free Malaysia Today",2025-08-28 00:56:43+00:00,https://www.freemalaysiatoday.com/category/nation/2025/08/28/rci-needed-on-petronass-use-of-sarawak-profits-says-senator
"tag:google.com,2013:googlealerts/feed:2053060146349670505",<b>PETRONAS</b> panel to monitor termination issue - The Star,2025-08-28 00:42:49+00:00,https://www.thestar.com.my/news/nation/2025/08/28/petronas-panel-to-monitor-termination-issue
"tag:google.com,2013:googlealerts/feed:18298119603539036803","<b>Petronas</b> more politically exposed than ever, says Malay business leader",2025-08-27 23:26:18+00:00,https://www.nst.com.my/business/corporate/2025/08/1266742/petronas-more-politically-exposed-ever-says-malay-business-leader
"tag:google.com,2013:googlealerts/feed:16036941191427681950",<b>PETRONAS</b> Dagangan Berhad&#39;s (KLSE:PETDAG) Shareholders Will Receive A Bigger ...,2025-08-27 23:21:48+00:00,https://simplywall.st/stocks/my/energy/klse-petdag/petronas-dagangan-berhad-shares/news/petronas-dagangan-berhads-klsepetdag-shareholders-will-recei-1
"tag:google.com,2013:googlealerts/feed:8659995355877288214",TotalEnergies&#39; complex Papua LNG project eyeing FID in early 2026 - Upstream Online,2025-08-27 21:09:26+00:00,https://www.upstreamonline.com/lng/totalenergies-complex-papua-lng-project-eyeing-fid-in-early-2026/2-1-1862528
"tag:google.com,2013:googlealerts/feed:15601816191670727252","Malaysia&#39;s KLCI index rises 0.4% to 1,587.91 at close - AInvest",2025-08-27 19:17:12+00:00,https://www.ainvest.com/news/malaysia-klci-index-rises-0-4-1-587-91-close-2508/
"tag:google.com,2013:googlealerts/feed:6562806291104102884",Mercedes-AMG <b>PETRONAS</b> F1 Team on X: &quot;Don&#39;t miss out on any of the action in Zandvoort ...,2025-08-27 16:33:26+00:00,https://x.com/MercedesAMGF1/status/1960719523868270860
"tag:google.com,2013:googlealerts/feed:9096992765467307795",[VIDEO] Iklan Hari Kebangsaan &amp; Hari Malaysia 2025 Yang Confirm Bikin Sebak &amp; Bangga,2025-08-27 15:19:03+00:00,https://says.com/my/seismik/video-iklan-hari-kebangsaan-hari-malaysia-2025-yang-confirm-bikin-sebak-bangga
"tag:google.com,2013:googlealerts/feed:5446764715474548931",Mercedes-AMG <b>PETRONAS</b> F1 Team - X,2025-08-27 13:58:34+00:00,https://x.com/MercedesAMGF1/status/1960680153828163624
"tag:google.com,2013:googlealerts/feed:4507668724624147284",SD Guthrie to transition all machinery and diesel-powered vehicles at… - Oils &amp; Fats International,2025-08-27 13:05:44+00:00,https://www.ofimagazine.com/news/sd-guthrie-to-transition-all-machinery-and-diesel-powered-vehicles-at-carey-island-to-run-on-b30-biodiesel
"tag:google.com,2013:googlealerts/feed:11216005638017200867",Senator calls for royal commission on <b>Petronas</b> profits | Daily Express Malaysia,2025-08-27 12:59:44+00:00,https://www.dailyexpress.com.my/news/265478/senator-calls-for-royal-commission-on-petronas-profits/
"tag:google.com,2013:googlealerts/feed:3705055829781574184","Kuala Lumpur, a city with a colorful skyline, the tallest building among them, the Merdeca118 Buildi..",2025-08-27 12:58:58+00:00,https://www.mk.co.kr/en/business/11404564
"tag:google.com,2013:googlealerts/feed:13193306958726568019",Mercedes Upgrade Plan Revealed As 2026 F1 Changes Loom - Sports Illustrated,2025-08-27 12:53:43+00:00,https://www.si.com/onsi/f1/news/mercedes-upgrade-plan-revealed-as-2026-f1-changes-loom
"tag:google.com,2013:googlealerts/feed:8006639223093120106","Man fined RM10,000 for entering Pulau Tiga without permission | Daily Express Malaysia",2025-08-27 12:37:58+00:00,https://www.dailyexpress.com.my/news/265456/man-fined-rm10-000-for-entering-pulau-tiga-without-permission/
"tag:google.com,2013:googlealerts/feed:1524455609387276749",Suriname to launch new offshore licensing round in November - Upstream Online,2025-08-27 12:26:08+00:00,https://www.upstreamonline.com/exploration/suriname-to-launch-new-offshore-licensing-round-in-november/2-1-1863246
"tag:google.com,2013:googlealerts/feed:4910282777419267730",&#39;Determined&#39; to finish 2025 season strongly – Toto&#39;s Dutch GP Preview,2025-08-27 11:01:17+00:00,https://www.mercedesamgf1.com/news/determined-to-finish-2025-season-strongly-totos-dutch-gp-preview
"tag:google.com,2013:googlealerts/feed:8427244663754528321",Merdeka Race spectacle upgraded to 111-laps | New Straits Times,2025-08-27 10:25:50+00:00,https://www.nst.com.my/sports/motor-sports/2025/08/1266509/merdeka-race-spectacle-upgraded-111-laps
"tag:google.com,2013:googlealerts/feed:14034155162391083569","Johor to monitor bridges, dams and other public facilities after third quake hits Segamat",2025-08-27 09:59:23+00:00,https://malaysia.news.yahoo.com/johor-monitor-bridges-dams-other-081944455.html
"tag:google.com,2013:googlealerts/feed:14603101174129772038",<b>Petronas</b>-MSF Merdeka Race 2025 - 111-lap endurance racing event in celebration of the ...,2025-08-27 09:29:25+00:00,https://paultan.org/2025/08/27/petronas-msf-merdeka-race-2025-111-lap-endurance-racing-event-in-celebration-of-the-68th-merdeka-day/
"tag:google.com,2013:googlealerts/feed:13730186803178910861",Senator calls for Royal Commission to probe how <b>PETRONAS</b> spent RM1 trillion from S&#39;wak ...,2025-08-27 09:13:33+00:00,https://dayakdaily.com/senator-calls-for-royal-commission-to-probe-how-petronas-spent-rm1-trillion-from-swak-oil-wealth/
"tag:google.com,2013:googlealerts/feed:4502492800894192544","SUPP Youth chief: Petros crucial to safeguard Sarawak&#39;s rights, fair resource distribution",2025-08-29 00:23:27+00:00,https://www.theborneopost.com/2025/08/29/supp-youth-chief-petros-crucial-to-safeguard-sarawaks-rights-fair-resource-distribution/
"tag:google.com,2013:googlealerts/feed:5892928203840799920",Ministry collaborating on manual to strengthen pipeline safety - The Star,2025-08-28 23:17:46+00:00,https://www.thestar.com.my/news/nation/2025/08/29/ministry-collaborating-on-manual-to-strengthen-pipeline-safety
"tag:google.com,2013:googlealerts/feed:6759081991920829286","COSL lifts H1 profit 23% on stronger drilling demand, overseas projects - Upstream Online",2025-08-28 22:54:28+00:00,https://www.upstreamonline.com/finance/cosl-lifts-h1-profit-23-on-stronger-drilling-demand-overseas-projects/2-1-1863460
"tag:google.com,2013:googlealerts/feed:2729008509612032256","Grow NNPCL Into Saudi Aramco, NEITI Boss Tells Ojulari - The Whistler Newspaper",2025-08-28 19:35:53+00:00,https://thewhistler.ng/grow-nnpcl-into-saudi-aramco-neiti-boss-tells-ojulari/
"tag:google.com,2013:googlealerts/feed:9622898892382970108",Malaysia&#39;s Oil Play Under China&#39;s Shadow | OilPrice.com,2025-08-28 18:11:31+00:00,https://oilprice.com/Energy/Crude-Oil/Malaysias-Oil-Play-Under-Chinas-Shadow.html
"tag:google.com,2013:googlealerts/feed:8209189676874937490",Mercedes-AMG <b>PETRONAS</b> F1 Team on X: &quot;Traditions are traditions https://t.co/hhS4v5AQub&quot; / X,2025-08-28 16:41:26+00:00,https://x.com/MercedesAMGF1/status/1961084257264115855
"tag:google.com,2013:googlealerts/feed:3360669396786449946","<b>Petronas</b>, Exxon Start Up Bindu Gas Field Offshore Malaysia - Energy Intelligence",2025-08-28 16:14:08+00:00,https://www.energyintel.com/00000198-ee99-d667-a3be-fedd89800000
"tag:google.com,2013:googlealerts/feed:16376387366909655249","Zaid, Hassan call for transparency in <b>Petronas</b>-Sarawak dealings - Free Malaysia Today",2025-08-28 16:13:33+00:00,https://www.freemalaysiatoday.com/category/nation/2025/08/28/zaid-hassan-call-for-transparency-in-petronas-sarawak-dealings
"tag:google.com,2013:googlealerts/feed:12564249347057150624","Mercedes-AMG <b>PETRONAS</b> F1 Team on X: &quot;Happy Birthday, @ValtteriBottas https://t.co ...",2025-08-28 15:33:30+00:00,https://x.com/MercedesAMGF1/status/1961080974101344721
"tag:google.com,2013:googlealerts/feed:7754979130771085631",Motor racing-Russell backs Hamilton to bounce back after &#39;useless&#39; comment - MSN,2025-08-28 15:25:01+00:00,https://www.msn.com/en-gb/sport/motorsports/motor-racing-russell-backs-hamilton-to-bounce-back-after-useless-comment/ar-AA1LpS9v
"tag:google.com,2013:googlealerts/feed:3398007625022690280",&#39;I want to win with Mercedes&#39; – Russell&#39;s new F1 contract will be confirmed &#39;when the time is right&#39;,2025-08-28 15:03:54+00:00,https://www.formula1.com/en/latest/article/i-want-to-win-with-mercedes-russells-new-f1-contract-will-be-confirmed-when.1T2uRHcgZ4nrQ1xeKBLqed
"tag:google.com,2013:googlealerts/feed:1687046110293531060",Mercedes Benz : AMG <b>PETRONAS</b> F1 Team uses Electric Power to transport W16 Cars to ...,2025-08-28 14:08:49+00:00,https://www.marketscreener.com/news/mercedes-benz-amg-petronas-f1-team-uses-electric-power-to-transport-w16-cars-to-2025-dutch-grand-p-ce7c50dfd081f020
"tag:google.com,2013:googlealerts/feed:7935884091548297434",<b>Petronas</b>&#39; Merdeka film spotlights the true meaning of the Rukun Negara,2025-08-28 13:47:03+00:00,https://www.marketing-interactive.com/petronas-merdeka-film-spotlights-the-true-meaning-of-the-rukun-negara
"tag:google.com,2013:googlealerts/feed:3646605987680335551",Staatsolie to open offers for Suriname&#39;s offshore oil areas - Ocean Energy Resources,2025-08-28 13:15:39+00:00,https://ocean-energyresources.com/2025/08/28/staatsolie-to-open-offers-for-surinames-offshore-oil-areas/
"tag:google.com,2013:googlealerts/feed:14887482028142302273",TNB declares RM1.5b dividend | New Straits Times,2025-08-28 13:04:25+00:00,https://www.nst.com.my/amp/business/corporate/2025/08/1267206/tnb-declares-rm15b-dividend
"tag:google.com,2013:googlealerts/feed:4087113349940665958",Mercedes-AMG <b>PETRONAS</b> F1 Team - X,2025-08-28 13:02:41+00:00,https://x.com/MercedesAMGF1/status/1961042086133658105
"tag:google.com,2013:googlealerts/feed:3205835739589327718",PETROS Safeguards Sarawak&#39;s Oil Rights,2025-08-28 12:31:05+00:00,https://www.sarawaktribune.com/petros-safeguards-sarawaks-oil-rights/
"tag:google.com,2013:googlealerts/feed:4953176574869335140","Thailand jumps on Andaman gas, bid round planned to boost energy security | Upstream",2025-08-28 12:17:10+00:00,https://www.upstreamonline.com/exploration/thailand-jumps-on-andaman-gas-bid-round-planned-to-boost-energy-security/2-1-1863346
"tag:google.com,2013:googlealerts/feed:12622928073205758473",Hibiscus Petroleum Signs HoA for Production Tie-In with PVEP - Rigzone,2025-08-28 11:11:26+00:00,https://www.rigzone.com/news/hibiscus_petroleum_signs_hoa_for_production_tiein_with_pvep-28-aug-2025-181609-article/
"tag:google.com,2013:googlealerts/feed:9158368020136311581",Malaysia: <b>PETRONAS</b> Carigali achieves first hydrocarbons from Bindu field - energy-pedia,2025-08-28 10:58:30+00:00,https://www.energy-pedia.com/news/malaysia/petronas-carigali-achieves-first-hydrocarbons-from-bindu-field-201008
"tag:google.com,2013:googlealerts/feed:639181646114880146",State of the Nation - The “jaguh kampung” that made good - Zainul Arifin - Scoop.my,2025-08-30 00:53:58+00:00,https://www.scoop.my/opinion-analysis/268106/state-of-the-nation-the-jaguh-kampung-that-made-good-zainul-arifin/
"tag:google.com,2013:googlealerts/feed:8331785019095159776",Season Resumes on Friday at Zandvoort - Mercedes-AMG <b>PETRONAS</b> F1 Team,2025-08-30 00:34:53+00:00,https://www.mercedesamgf1.com/news/season-resumes-on-friday-at-zandvoort
"tag:google.com,2013:googlealerts/feed:8169639333687919318",<b>Petronas</b> records MYR26.2 billion profit in 1H 2025 - AInvest,2025-08-29 22:10:07+00:00,https://www.ainvest.com/news/petronas-records-myr26-2-billion-profit-1h-2025-2508/
"tag:google.com,2013:googlealerts/feed:16200977414778553722",Suriname inviting bids for open acreage - Offshore Magazine,2025-08-29 18:01:44+00:00,https://www.offshore-mag.com/regional-reports/latin-america/news/55313367/staatsolie-suriname-inviting-bids-for-open-acreage
"tag:google.com,2013:googlealerts/feed:11839237537919493085",Mercedes-AMG <b>PETRONAS</b> F1 Team on X: &quot;Friday laps in the books https://t.co/kfvBnuVG07&quot; / X,2025-08-29 17:40:19+00:00,https://x.com/MercedesAMGF1/status/1961464927098659053
"tag:google.com,2013:googlealerts/feed:14188238176557687095",First session of the Dutch GP weekend - Instagram,2025-08-29 15:43:17+00:00,https://www.instagram.com/p/DN7_16MDanq/
"tag:google.com,2013:googlealerts/feed:5758780970230081658",Mercedes-AMG <b>PETRONAS</b> F1 Team on X: &quot;Time for some more track action ⏱️ FP2 has ...,2025-08-29 15:34:17+00:00,https://x.com/MercedesAMGF1/status/1961428897754427696
"tag:google.com,2013:googlealerts/feed:16978845499742548048","Zaid, Hassan accused of misleading public over petroleum law | FMT - Free Malaysia Today",2025-08-29 15:30:35+00:00,https://www.freemalaysiatoday.com/category/nation/2025/08/29/zaid-hassan-accused-of-misleading-public-over-petroleum-law
"tag:google.com,2013:googlealerts/feed:14378344266401789199",Mercedes-AMG <b>PETRONAS</b> F1 Team on X: &quot;   Red flag Stroll has had an incident at Turn 3 ...,2025-08-29 15:29:14+00:00,https://x.com/MercedesAMGF1/status/1961431789525708881
"tag:google.com,2013:googlealerts/feed:16960422358680968849",Malaysia&#39;s <b>Petronas</b> says it will undergo &#39;strategic transformation&#39; as H1 profit falls,2025-08-29 15:21:18+00:00,https://www.businesstimes.com.sg/companies-markets/energy-commodities/malaysias-petronas-says-it-will-undergo-strategic-transformation-h1-profit-falls
"tag:google.com,2013:googlealerts/feed:14649461887071992877",<b>Petronas</b> to undergo &quot;strategic transformation&quot; after H1 profit slump - Baird Maritime,2025-08-29 15:10:50+00:00,https://www.bairdmaritime.com/offshore/drilling-production/petronas-to-undergo-strategic-transformation-after-h1-profit-slump
"tag:google.com,2013:googlealerts/feed:1002362880591997589",<b>Petronas</b> posts ytd profit after tax of 26.2 billion rgt | MarketScreener,2025-08-29 15:09:27+00:00,https://www.marketscreener.com/news/petronas-posts-ytd-profit-after-tax-of-26-2-billion-rgt-ce7c50dcd08bf023
"tag:google.com,2013:googlealerts/feed:1943262262600334098",Electric Truck Driving Sustainable Procurement at Mercedes,2025-08-29 14:38:35+00:00,https://procurementmag.com/news/mercedes-f1-electric-trucks-race-logistics
"tag:google.com,2013:googlealerts/feed:9868316526832097868",S&#39;wak youths urged to return and contribute to state&#39;s progress - The Star,2025-08-29 14:14:54+00:00,https://www.thestar.com.my/news/nation/2025/08/29/s039wak-youths-urged-to-return-and-contribute-to-state039s-progress
"tag:google.com,2013:googlealerts/feed:8386872711178147695",Malaysia&#39;s <b>Petronas</b> records lower profit amid challenging environment - China.org,2025-08-29 14:09:14+00:00,http://www.china.org.cn/world/Off_the_Wire/2025-08/29/content_118049974.shtml
"tag:google.com,2013:googlealerts/feed:5144441761624845021","<b>PETRONAS</b> records lower profit in 1H2025, expects oil prices to remain subdued",2025-08-29 14:08:06+00:00,https://dayakdaily.com/petronas-records-lower-profit-in-1h2025-expects-oil-prices-to-remain-subdued/
"tag:google.com,2013:googlealerts/feed:327175552811589755",Mercedes F1 uses electric truck to transport race cars to Dutch Grand Prix,2025-08-29 14:02:02+00:00,https://www.logisticsmanager.com/mercedes-f1-uses-electric-truck-to-transport-race-cars-to-dutch-grand-prix/
"tag:google.com,2013:googlealerts/feed:455601902875700928",Malaysia&#39;s <b>Petronas</b> records lower profit amid challenging environment,2025-08-29 13:54:12+00:00,http://www.xinhuanet.com/english/asiapacific/20250829/c91f09e0f3a54aceba188aae05333be7/c.html
"tag:google.com,2013:googlealerts/feed:8821407112872315426","<b>Petronas</b> reports 19% drop in first-half profit, expects subdued oil prices",2025-08-29 13:35:22+00:00,https://theedgemalaysia.com/node/768785
"tag:google.com,2013:googlealerts/feed:12885174576740413177","<b>Petronas</b> to overhaul strategy after downstream loss, output drop",2025-08-29 13:27:29+00:00,https://www.qcintel.com/article/petronas-to-overhaul-strategy-after-downstream-loss-output-drop-47590.html
"tag:google.com,2013:googlealerts/feed:8083484345196280718",<b>Petronas</b> Gas Seeks Greater Authority Over Development Near Pipelines - Bernama,2025-08-31 00:34:35+00:00,https://www.bernama.com/lite/news.php%3Fid%3D2462536
"tag:google.com,2013:googlealerts/feed:16629218171399981001",Building a Nation: How <b>PETRONAS</b> education sponsorships are transforming Sarawak&#39;s future,2025-08-31 00:07:34+00:00,https://dayakdaily.com/building-a-nation-how-petronas-education-sponsorships-are-transforming-sarawaks-future/
"tag:google.com,2013:googlealerts/feed:5678558423563048833",Mercedes-AMG <b>PETRONAS</b> F1 Team - X,2025-08-30 15:39:16+00:00,https://x.com/MercedesAMGF1/status/1961802972708360417
"tag:google.com,2013:googlealerts/feed:17017730650555639542",Mercedes-AMG <b>PETRONAS</b> F1 Team on X: &quot;George&#39;s first lap sees him slide into P3 Let&#39;s ...,2025-08-30 14:19:42+00:00,https://x.com/MercedesAMGF1/status/1961789282839912846
"tag:google.com,2013:googlealerts/feed:7891194074828611863","Mercedes-AMG <b>PETRONAS</b> F1 Team on X: &quot;Quali mode, activated! https://t.co/8cviDVODdv&quot; / X",2025-08-30 14:18:15+00:00,https://x.com/MercedesAMGF1/status/1961762710456021049
"tag:google.com,2013:googlealerts/feed:3371801479558548576",Mercedes-AMG <b>PETRONAS</b> F1 Team on X: &quot;It&#39;s time to go flat out Qualifying has begun at ...,2025-08-30 13:24:17+00:00,https://x.com/MercedesAMGF1/status/1961776021205635080
"tag:google.com,2013:googlealerts/feed:16986050851108908198",Sarawak slams human rights group over logging report | FMT - Free Malaysia Today,2025-08-30 12:20:15+00:00,https://www.freemalaysiatoday.com/category/nation/2025/08/30/sarawak-slams-human-rights-group-over-logging-report
"tag:google.com,2013:googlealerts/feed:10346781339954209174",Behind The Skyline: Malaysia&#39;s &#39;Building Doctors&#39; Who Keep Landmarks Standing - A Merdeka Story,2025-08-30 12:19:14+00:00,https://www.bernama.com/en/news.php%3Fid%3D2462280
"tag:google.com,2013:googlealerts/feed:4025056193117244805",Ringgit likely to trade sideways with upside bias next week - The Star,2025-08-30 11:50:01+00:00,https://www.thestar.com.my/business/business-news/2025/08/30/ringgit-likely-to-trade-sideways-with-upside-bias-next-week
"tag:google.com,2013:googlealerts/feed:13070306859542707972",5 Young Malaysians Receive The 2025 Merdeka Award Grant For Their Innovative Research - SAYS,2025-08-30 11:42:14+00:00,https://says.com/my/lifestyle/5-malaysians-2025-merdeka-award
"tag:google.com,2013:googlealerts/feed:16152843194507937177",Malaysia and Pakistan enjoy time-tested friendship: Azhar bin Mazlan - Islamabad Post,2025-08-30 10:00:58+00:00,https://islamabadpost.com.pk/malaysia-and-pakistan-enjoy-time-tested-friendship-azhar-bin-mazlan-2/
"tag:google.com,2013:googlealerts/feed:6688987977119571107",F1 tension builds as Oscar Piastri and Lando Norris resume title fight at the Dutch GP | TSN,2025-08-30 09:43:26+00:00,https://www.tsn.ca/auto-racing/f1-tension-builds-as-oscar-piastri-and-lando-norris-resume-title-fight-at-the-dutch-gp-1.2352672
"tag:google.com,2013:googlealerts/feed:12372835279534124738",Malaysia and Pakistan enjoy time-tested friendship: Azhar bin Mazlan - Islamabad Post,2025-08-30 08:49:58+00:00,https://islamabadpost.com.pk/malaysia-and-pakistan-enjoy-time-tested-friendship-azhar-bin-mazlan/
"tag:google.com,2013:googlealerts/feed:16930565821594237883",Repsol ready for next stage of Mexico offshore oil project - Upstream Online,2025-08-30 08:13:15+00:00,https://www.upstreamonline.com/exclusive/repsol-ready-for-next-stage-of-mexico-offshore-oil-project/2-1-1864628
"tag:google.com,2013:googlealerts/feed:3868072609356102450",HGVs: How Mercedes is Using EVs for Formula 1 - EV Magazine,2025-08-30 08:04:12+00:00,https://evmagazine.com/news/is-mercedes-f1-leading-ev-trucking-in-motorsport-logistics
"tag:google.com,2013:googlealerts/feed:13487204782045146099",Malaysia&#39;s <b>Petronas</b> records lower profit amid challenging environment,2025-08-30 07:25:01+00:00,https://thechronicle.com.ph/malaysias-petronas-records-lower-profit-amid-challenging-environment/
"tag:google.com,2013:googlealerts/feed:3605486997196498186",Wolff backs Bottas&#39; Cadillac move as Mercedes boss says they won&#39;t hinder Finn&#39;s preparations - F1,2025-08-30 07:23:09+00:00,https://www.formula1.com/en/latest/article/he-will-shine-wolff-backs-bottas-cadillac-move-as-mercedes-boss-says-they.4EwAwoSiQSXuaQkcpPmZWH
"tag:google.com,2013:googlealerts/feed:7537508285091779697","Probe must cover S&#39;wak&#39;s own resources, federal allocations, contracts alongside <b>PETRONAS</b>",2025-08-30 04:20:17+00:00,https://dayakdaily.com/probe-must-cover-swaks-own-resources-federal-allocations-contracts-alongside-petronas/
"tag:google.com,2013:googlealerts/feed:4671635257335204163",Claiming What Is Rightfully Ours - Sarawak Tribune,2025-08-30 04:12:44+00:00,https://www.sarawaktribune.com/claiming-what-is-rightfully-ours/
"tag:google.com,2013:googlealerts/feed:7025900387752090722","Steel Hawk inks RM92.7m cable deal, diversifies beyond O&amp;G and revises IPO use",2025-08-30 03:07:39+00:00,https://theedgemalaysia.com/node/768840
"tag:google.com,2013:googlealerts/feed:17393325956480733146","When <b>Petronas</b> Falters, the Nation Feels It | New Straits Times",2025-09-01 00:22:46+00:00,https://www.nst.com.my/business/insight/2025/09/1268598/when-petronas-falters-nation-feels-it
"tag:google.com,2013:googlealerts/feed:2950336125562484131","<b>Petronas</b> steady on RM32bil dividend despite softer 1H, say economists | New Straits Times",2025-09-01 00:22:46+00:00,https://www.nst.com.my/business/corporate/2025/09/1268609/petronas-steady-rm32bil-dividend-despite-softer-1h-say-economists
"tag:google.com,2013:googlealerts/feed:5930275499546871578",OGA 2025 Returns as Southeast Asia&#39;s Energy Powerhouse - The Edge Malaysia,2025-09-01 00:20:20+00:00,https://theedgemalaysia.com/content/advertise/oga-2025-returns-as-southeast-asias-energy-powerhouse
"tag:google.com,2013:googlealerts/feed:945617799631639574",PetDag remains upbeat on second-half prospects | The Star,2025-08-31 23:19:58+00:00,https://www.thestar.com.my/business/business-news/2025/09/01/petdag-remains-upbeat-on-second-half-prospects
"tag:google.com,2013:googlealerts/feed:8390036295585824688",POWERING PROGRESS - The Star,2025-08-31 23:08:01+00:00,https://www.thestar.com.my/starpicks/2025/09/01/powering-progress
"tag:google.com,2013:googlealerts/feed:10810105430574862151",Race Report: Eventful Sunday at Zandvoort - Mercedes-AMG PETRONAS F1 Team,2025-08-31 18:09:59+00:00,https://www.mercedesamgf1.com/reports/race-report-eventful-sunday-at-zandvoort
"tag:google.com,2013:googlealerts/feed:5046639478828161287",Sasar produk peladang di 32 stesen minyak <b>Petronas</b> - YouTube,2025-08-31 17:44:03+00:00,https://www.youtube.com/watch%3Fv%3DJ21W5xfOFDs
"tag:google.com,2013:googlealerts/feed:12739398555199931865","Mercedes-AMG <b>PETRONAS</b> F1 Team on X: &quot;LAP 41/72 Thank you, George. He lets Kimi ...",2025-08-31 15:56:14+00:00,https://x.com/MercedesAMGF1/status/1962153048022696214
"tag:google.com,2013:googlealerts/feed:4284795845143234431",<b>Petronas</b> Gas seeks power to block risky projects after Putra Heights pipeline blast,2025-08-31 15:15:21+00:00,https://www.malaymail.com/news/malaysia/2025/08/31/petronas-gas-seeks-power-to-block-risky-projects-after-putra-heights-pipeline-blast/189477
"tag:google.com,2013:googlealerts/feed:7473998002891971245",Mercedes-AMG <b>PETRONAS</b> F1 Team on X: &quot;LAP 21/72 Light drops of rain in the air ☔️&quot; / X,2025-08-31 14:55:45+00:00,https://x.com/MercedesAMGF1/status/1962145662515949962
"tag:google.com,2013:googlealerts/feed:17109284353338806430",Mercedes-AMG <b>PETRONAS</b> F1 Team - X,2025-08-31 14:43:01+00:00,https://x.com/MercedesAMGF1/status/1962128440598904898
"tag:google.com,2013:googlealerts/feed:8790980475218586377",Sarawak river ferries go electric with fleet of 9 boats - Free Malaysia Today,2025-08-31 13:39:44+00:00,https://www.freemalaysiatoday.com/category/nation/2025/08/31/sarawak-river-ferries-go-electric-with-fleet-of-nine-boats
"tag:google.com,2013:googlealerts/feed:7042556504168850008",Mercedes-AMG F1 uses EV truck for trip from UK to Dutch GP - MSN,2025-08-31 12:55:36+00:00,https://www.msn.com/en-gb/cars/news/mercedes-amg-f1-uses-ev-truck-for-trip-from-uk-to-dutch-gp/ar-AA1LzZth
"tag:google.com,2013:googlealerts/feed:16978323079728730459",Nasdaq teams up with Mercedes ahead of Miami GP - MSN,2025-08-31 11:55:56+00:00,http://www.msn.com/en-ae/news/other/nasdaq-teams-up-with-mercedes-ahead-of-miami-gp/ar-AA1DZteb%3Fapiversion%3Dv2%26noservercache%3D1%26domshim%3D1%26renderwebcomponents%3D1%26wcseo%3D1%26batchservertelemetry%3D1%26noservertelemetry%3D1
"tag:google.com,2013:googlealerts/feed:5447182346300794613",Melaka pioneers direct farm produce sales at <b>Petronas</b> stations - The Sun Malaysia,2025-08-31 08:08:02+00:00,https://thesun.my/malaysia-news/melaka-pioneers-direct-farm-produce-sales-at-petronas-stations-CN14800435
"tag:google.com,2013:googlealerts/feed:17093260761028880113",Melaka Becomes First State To Pioneer Direct Marketing Of Products By LPP Members At ...,2025-08-31 07:05:44+00:00,https://bernama.com/en/general/news.php%3Fid%3D2462623
"tag:google.com,2013:googlealerts/feed:7649436650046772937",Plans to axe paper share certificates fuel outrage - MSN,2025-08-31 07:03:31+00:00,https://www.msn.com/en-my/news/other/plans-to-axe-paper-share-certificates-fuel-outrage/ar-AA1LyuWu
"tag:google.com,2013:googlealerts/feed:17360797617144668263",Plans to axe paper share certificates fuel outrage - MSN,2025-08-31 05:32:46+00:00,https://www.msn.com/en-my/news/other/plans-to-axe-paper-share-certificates-fuel-outrage/ar-AA1LyuWu%3Focid%3Dfinance-verthp-feeds
"tag:google.com,2013:googlealerts/feed:11259145815103237709",From Tears To Cheers: The Ads Of Merdeka 2025 - BusinessToday Malaysia,2025-08-31 05:21:14+00:00,https://www.businesstoday.com.my/2025/08/31/from-tears-to-cheers-the-ads-of-merdeka-2025/%3Futm_source%3Drss%26utm_medium%3Drss%26utm_campaign%3Dfrom-tears-to-cheers-the-ads-of-merdeka-2025
"tag:google.com,2013:googlealerts/feed:379414968776003418",PetGas Moves To Tighten Pipeline Safety Rules - BusinessToday Malaysia,2025-08-31 02:46:49+00:00,https://www.businesstoday.com.my/2025/08/31/petgas-moves-to-tighten-pipeline-safety-rules/
"tag:google.com,2013:googlealerts/feed:10296227526296239227","Antonelli, Russell expand on F1 Dutch GP incidents; Wolff adds - FormulaRapida.net",2025-09-02 00:26:39+00:00,https://formularapida.net/en/antonelli-russell-expand-on-f1-dutch-gp-incidents-wolff-adds/
"tag:google.com,2013:googlealerts/feed:14036299902799019539",DUG Technology Secures Multi-Year SaaS and HPCaaS Deal with <b>PETRONAS</b> - TipRanks,2025-09-02 00:23:19+00:00,https://www.tipranks.com/news/company-announcements/dug-technology-secures-multi-year-saas-and-hpcaas-deal-with-petronas
"tag:google.com,2013:googlealerts/feed:6855976818780049447",Dip in capital expenditure impacts local O&amp;G industry - The Star,2025-09-02 00:19:37+00:00,https://www.thestar.com.my/business/business-news/2025/09/02/dip-in-capital-expenditure-impacts-local-og-industry
"tag:google.com,2013:googlealerts/feed:7853721115446366325",Oil Price Forecast – WTI at $64.61 and Brent at $68.15 Face Oversupply Risks,2025-09-01 23:12:03+00:00,https://www.tradingnews.com/news/oil-price-forecast-wti-at-64-usd-brent-68-usd
"tag:google.com,2013:googlealerts/feed:200801291183709845",<b>PETRONAS</b> Dagangan Berhad (KLSE:PETDAG) Is Posting Promising Earnings But The ...,2025-09-01 23:08:28+00:00,https://finance.yahoo.com/news/petronas-dagangan-berhad-klse-petdag-224803393.html
"tag:google.com,2013:googlealerts/feed:9471707125141774682",<b>PETRONAS</b> Dagangan Berhad (KLSE:PETDAG) Is Posting Promising Earnings But The ...,2025-09-01 23:01:35+00:00,https://uk.finance.yahoo.com/news/petronas-dagangan-berhad-klse-petdag-224803393.html
"tag:google.com,2013:googlealerts/feed:12835484562283930421",Dollar hits lowest since end-July ahead of US jobs data | The Star,2025-09-01 20:21:58+00:00,https://www.thestar.com.my/business/business-news/2025/09/01/dollar-hits-lowest-since-end-july-ahead-of-us-jobs-data
"tag:google.com,2013:googlealerts/feed:3224335576016208975",<b>Petronas</b> H1 2025 Revenue Falls 24% Amid Lower Prices and Output - IndexBox,2025-09-01 17:29:19+00:00,https://www.indexbox.io/blog/petronas-h1-2025-revenue-falls-24-amid-lower-prices-and-output/
"tag:google.com,2013:googlealerts/feed:9456239584657295283",Malaysia&#39;s <b>Petronas</b> Flags Challenges as Profit and Production Slump - Yahoo Finance,2025-09-01 16:46:24+00:00,https://finance.yahoo.com/news/malaysia-petronas-flags-challenges-profit-150000954.html
"tag:google.com,2013:googlealerts/feed:8619040649483676435",Malaysia&#39;s <b>Petronas</b> Flags Challenges as Profit and Production Slump | OilPrice.com,2025-09-01 15:29:07+00:00,https://oilprice.com/Energy/Crude-Oil/Malaysias-Petronas-Flags-Challenges-as-Profit-and-Production-Slump.html
"tag:google.com,2013:googlealerts/feed:499116226089279023",<b>Petronas</b> net profit falls 19 pct to RM26.2 bln in first half - PressReader,2025-09-01 13:41:45+00:00,https://www.pressreader.com/malaysia/the-borneo-post-sabah/20250901/282415585405035
"tag:google.com,2013:googlealerts/feed:5885800571157399646",HOW LONG CAN <b>PETRONAS</b> CARRY US? - PressReader,2025-09-01 13:33:12+00:00,https://www.pressreader.com/malaysia/new-straits-times/20250901/282089167890613
"tag:google.com,2013:googlealerts/feed:12138463657336768993",BW Offshore lands prized Bay du Nord FPSO contract - Upstream Online,2025-09-01 13:07:31+00:00,https://www.upstreamonline.com/field-development/bw-offshore-lands-prized-bay-du-nord-fpso-contract/2-1-1863984
"tag:google.com,2013:googlealerts/feed:5441411143899930781",Concept AMG GT XX breaks EV endurance records - SowetanLIVE,2025-09-01 12:24:52+00:00,https://www.sowetanlive.co.za/amp/motoring/2025-09-01-concept-amg-gt-xx-breaks-ev-endurance-records/
"tag:google.com,2013:googlealerts/feed:8241495142730706248",How Well Do You Remember the 2025 Dutch Grand Prix?,2025-09-01 11:00:03+00:00,https://www.mercedesamgf1.com/news/how-well-do-you-remember-the-2025-dutch-grand-prix
"tag:google.com,2013:googlealerts/feed:487960694140964752","Malaysia&#39;s <b>Petronas</b> posts lower 1H 2025 oil, gas output | Latest Market News",2025-09-01 10:29:55+00:00,https://www.argusmedia.com/en/news-and-insights/latest-market-news/2726797-malaysia-s-petronas-posts-lower-1h-2025-oil-gas-output
"tag:google.com,2013:googlealerts/feed:3813556905045027067",<b>Petronas</b> Sharpens Strategy as Profits Slide - Energy Intelligence,2025-09-01 09:38:21+00:00,https://www.energyintel.com/00000199-0370-d8c0-a39f-477a8c010000
"tag:google.com,2013:googlealerts/feed:8442660230719062633",APAC markets to watch: Key economic insights - intheblack - CPA Australia,2025-09-01 09:30:35+00:00,https://intheblack.cpaaustralia.com.au/business-and-finance/apac-markets-watch-key-economic-insights/apac-malaysia
"tag:google.com,2013:googlealerts/feed:17870772951455420450",<b>PETRONAS</b> Chemicals Reports Challenging Q2 2025 Results - TipRanks.com,2025-09-01 07:24:00+00:00,https://www.tipranks.com/news/company-announcements/petronas-chemicals-reports-challenging-q2-2025-results
"tag:google.com,2013:googlealerts/feed:2984637700134777772",Lower <b>Petronas</b> spending hits oil and gas services players&#39; results | New Straits Times,2025-09-01 06:21:11+00:00,https://www.nst.com.my/business/corporate/2025/09/1268715/lower-petronas-spending-hits-oil-and-gas-services-players-results
"tag:google.com,2013:googlealerts/feed:15328282085242504479",<b>PETRONAS</b>: Balancing growth and sustainability key for Asia | The Star,2025-09-02 23:42:19+00:00,https://www.thestar.com.my/news/nation/2025/09/03/petronas-balancing-growth-and-sustainability-key-for-asia
"tag:google.com,2013:googlealerts/feed:8376829585706570787",<b>PETRONAS</b> reaffirms OGSE backing | The Star,2025-09-02 23:20:09+00:00,https://www.thestar.com.my/business/business-news/2025/09/03/petronas-reaffirms-ogse-backing
"tag:google.com,2013:googlealerts/feed:17553010309471136188",Facts and Stats: Power Unit Regulation Changes. - Mercedes-AMG <b>PETRONAS</b> F1 Team,2025-09-02 22:33:22+00:00,https://www.mercedesamgf1.com/facts-and-stats-power-unit-regulation-changes
"tag:google.com,2013:googlealerts/feed:3943353163102831408",Jacques Villeneuve Slams Kimi Antonelli as Mercedes AMG <b>Petronas</b> F1 Team Defend Him,2025-09-02 21:41:19+00:00,https://formula1news.co.uk/jacques-villeneuve-slams-kimi-antonelli-as-mercedes-amg-petronas-f1-team-defend-him/
"tag:google.com,2013:googlealerts/feed:17148276571428022711",Mercedes-AMG <b>PETRONAS</b> F1 Team on X: &quot;We think this means he&#39;s excited https://t.co ...,2025-09-02 19:16:02+00:00,https://x.com/MercedesAMGF1/status/1962916337631592798
"tag:google.com,2013:googlealerts/feed:2565816511423338779",Petroleum Advisory Committee meeting strengthens State-PETROS collaboration on oil and gas,2025-09-02 18:45:58+00:00,https://dayakdaily.com/petroleum-advisory-committee-meeting-strengthens-state-petros-collaboration-on-oil-and-gas/
"tag:google.com,2013:googlealerts/feed:14918980520513009361",#BernamaNews : <b>Petronas</b> recognises the importance of a strong oil and gas services ... - Facebook,2025-09-02 16:49:26+00:00,https://www.facebook.com/BernamaTV/videos/petronas-recognises-importance-of-strong-ogse-industry-commits-to-strengthening-/1100324625059338/
"tag:google.com,2013:googlealerts/feed:3496732619603928757","Mercedes-AMG <b>PETRONAS</b> F1 Team on X: &quot;Hearing from Bradley, Anca and Russell on ...",2025-09-02 16:27:43+00:00,https://x.com/MercedesAMGF1/status/1962879844204646537
"tag:google.com,2013:googlealerts/feed:15890220337539295549",2025 Dutch GP F1 Akkodis Race Debrief - Mercedes-AMG <b>PETRONAS</b> F1 Team,2025-09-02 16:07:45+00:00,https://www.mercedesamgf1.com/news/2025-dutch-gp-f1-akkodis-race-debrief-how-damaged-was-georges-car
"tag:google.com,2013:googlealerts/feed:7787755193450685783",Dug Technology&#39;s Strategic Contract Milestones: A Catalyst for Long-Term Value Creation,2025-09-02 16:06:34+00:00,https://www.ainvest.com/news/dug-technology-strategic-contract-milestones-catalyst-long-term-creation-2509/
"tag:google.com,2013:googlealerts/feed:6127753220313431632",<b>PETRONAS</b>: Balancing growth and sustainability key for Asia - YouTube,2025-09-02 16:05:52+00:00,https://www.youtube.com/watch%3Fv%3DNBesBu3kzdA
"tag:google.com,2013:googlealerts/feed:9035904575461354855","Nearly five decades, only RM49 bln oil royalties for Sarawak while <b>PETRONAS</b> pocketed the ...",2025-09-02 15:46:08+00:00,https://dayakdaily.com/nearly-five-decades-only-rm49-bln-oil-royalties-for-sarawak-while-petronas-pocketed-the-lions-share/
"tag:google.com,2013:googlealerts/feed:5961656569178364782",<b>Petronas</b> Cements LNG &#39;Portfolio Player&#39; Strategy Shift - Energy Intelligence,2025-09-02 15:44:39+00:00,https://www.energyintel.com/00000198-f376-d8c0-a39e-f77e86d00000
"tag:google.com,2013:googlealerts/feed:3632001946167538183",Basic Materials Roundup: Market Talk - MSN,2025-09-02 15:28:04+00:00,https://www.msn.com/en-us/money/markets/basic-materials-roundup-market-talk/ar-AA1LIqSC
"tag:google.com,2013:googlealerts/feed:3331481351837252159",Power out at Penske: Team confirms Australian will not return for 18th season - TSN,2025-09-02 15:27:59+00:00,https://www.tsn.ca/auto-racing/will-power-out-at-penske-team-confirms-australian-will-not-return-for-18th-season-1.2354144
"tag:google.com,2013:googlealerts/feed:13078793209001848228",Linde acquires one of the largest industrial gas players in Middle East - Upstream Online,2025-09-02 14:12:30+00:00,https://www.upstreamonline.com/finance/linde-acquires-one-of-the-largest-industrial-gas-players-in-middle-east/2-1-1865531
"tag:google.com,2013:googlealerts/feed:2890517395348090705",The Road to 2026: The Power Unit - Formula 1 Videos - Autosport.com,2025-09-02 14:06:44+00:00,https://www.autosport.com/f1/video/the-road-to-2026-the-power-unit/664121/
"tag:google.com,2013:googlealerts/feed:4132796278933665409",OGA 2025 OPENS TO POWER BUSINESS GROWTH AMID SOUTHEAST ASIA&#39;S ENERGY ...,2025-09-02 12:33:36+00:00,https://www.bastillepost.com/global/article/5158016-oga-2025-opens-to-power-business-growth-amid-southeast-asias-energy-demand
"tag:google.com,2013:googlealerts/feed:5878638701757861143",Mercedes-AMG <b>PETRONAS</b> F1 Team - X,2025-09-02 10:57:12+00:00,https://x.com/MercedesAMGF1/status/1962818108512432373
"tag:google.com,2013:googlealerts/feed:15427275843880153048",Mercedes-AMG <b>PETRONAS</b> F1 Team - X,2025-09-02 10:52:44+00:00,https://x.com/MercedesAMGF1/status/1962818122164982173
